name,price,image
Pull Back Black and White Panda Men's Shoes Couple Models 2025 New arrival Spring Shoes Men's Trendy Shoes Versatile High-Bottom Sneakers for Women,$12.02,https://img.alicdn.com/imgextra/i1/2212345072005/O1CN01wEkzGB1QgL1zoeciK_!!2212345072005.jpg
"Pull-Back Shoes for Men, Versatile Trendy Shoes, Niche Original Men's Shoes Trendy High-Bottom Thick-Soled Sneakers for Men 2025 New arrival",$15.92,https://img.alicdn.com/imgextra/i3/2212345072005/O1CN011VyohN1QgL2lcNVro_!!2212345072005.jpg
Pull Back Men's Shoes White Shoes Men's 2025 New arrival Spring Best Selling Shoes Trendy Versatile Niche Athleisure Sneakers,$12.02,https://img.alicdn.com/imgextra/i1/2212345072005/O1CN01Wa2gH81QgKxoyI9F1_!!2212345072005.jpg
Hailan Men's Shoes Summer Thick Sole Breathable Thin Deodorizing Filter Height-Increasing Casual Shoes Men's Sports White Sneakers,$50.98,https://img.alicdn.com/imgextra/i2/2219079650929/O1CN01lQBWo41IjX0e35QUB_!!4611686018427383409-0-item_pic.jpg
Pull Back Men's Shoes Summer Breathable 2025 New arrival Men Leather Panel Shoes Men's White Shoes Casual Sports Shoes Men's Shoes,$13.52,https://img.alicdn.com/imgextra/i2/435997545/O1CN01eXNMlT25bfKX3ygqc_!!4611686018427382633-0-item_pic.jpg
Camel Men's Shoes Summer New arrival Outdoor Sports Shoes Men's Versatile Breathable Women's Hiking Casual Shoes Hiking Travel Shoes,$55.49,https://img.alicdn.com/imgextra/i2/648476316/O1CN01U0vNYn1wWmbxV2DNl_!!4611686018427385500-0-item_pic.jpg
Camel Women's Shoes 2025 Summer New arrival Outdoor Sports Shoes Women's Casual Shoes Breathable Abrasion Resistant Hiking Hiking Shoes,$50.98,https://img.alicdn.com/imgextra/i1/648476316/O1CN011n9qwk1wWmbvx7egy_!!4611686018427385500-0-item_pic.jpg
9cm Hidden Heel Dad Shoes Women's 2025 New arrival Summer Mesh Breathable Thick Sole Short Casual Sports Shoes,$46.32,https://img.alicdn.com/imgextra/i4/2216947740144/O1CN01znnaJG1Cw04NRZN8o_!!4611686018427383280-0-item_pic.jpg
Dickies Couple Sneakers Men's 2025 New Arrival Summer Breathable Men's Shoes Casual Shoes Sports Shoes Men's Fashion Shoes,$61.50,https://img.alicdn.com/imgextra/i3/1768660675/O1CN01RgOYss1GrCB3dX7s7_!!0-item_pic.jpg
New arrival Shoes Men Spring Summer 2025 Trendy Easiest for match Teenagers Low Ankle Sports Shoes Casual Non Slip White Shoes,$8.51,https://img.alicdn.com/imgextra/i2/2181779871/O1CN017sE6R02MmyVVbAx5w_!!0-item_pic.jpg
Hailan House Men's Shoes Summer Mesh Breathable Deodorizing Filter Sneakers Casual Fancy Sports White Shoes Trendy Shoes,$50.98,https://img.alicdn.com/imgextra/i4/2218098259307/O1CN01n0rHwS2IcfEIiK1CJ_!!4611686018427385195-0-item_pic.jpg
Hailan Home Men's Shoes 2025 New Arrival Casual Sneaker Men's Breathable Deodorizing Filter Mesh Surface Lightweight Dad Running Shoes,$38.95,https://img.alicdn.com/imgextra/i1/2209808098939/O1CN01p5KFjD2Fu7JRPN22z_!!2209808098939.jpg
MRA Panda German Training Shoes Men's Summer Breathable Cortez Couple Thick Sole Sports Casual Borad Shoes All-Match Fashion Shoes,$25.55,https://img.alicdn.com/imgextra/i3/2023351356/O1CN01oykaKK1Lt5tqDt8MD_!!0-item_pic.jpg
Lee Men's Shoes 2025 New arrival Summer Mesh Athleisure Shoes Men Thick Sole Genuine Leather Sneakers Breathable Trendy Shoes,$90.08,https://img.alicdn.com/imgextra/i1/2211815178256/O1CN01trUvJz2ArIuAkxCZv_!!0-item_pic.jpg
Pull Back Men's Shoes Spring and Summer Breathable Mesh Shoes 2025 New arrival Mesh Cut Out Casual Coconut Sports Shoes Trendy Shoes for Men,$13.38,https://img.alicdn.com/imgextra/i4/3555068024/O1CN01YGqIjO2992xjIaeP1_!!0-item_pic.jpg
Honey Paul Genuine Brand Men's Shoes Genuine Leather First Layer Cowhide Shoes Summer Breathable Soft Sole Men Casual Sneakers,$74.89,https://img.alicdn.com/imgextra/i4/2215838339965/O1CN01cGcYgP2NU1nwQXwMi_!!2215838339965.jpg
Hailan House Men's Shoes 2025 New arrival Summer Height-Increasing Shoes Men's Trendy Shoes White Shoes Athleisure Breathable Sneakers,$49.47,https://img.alicdn.com/imgextra/i2/2219079650929/O1CN01HBKH8h1IjWyC1j1LC_!!4611686018427383409-0-item_pic.jpg
Universal Black Sneakers for Women 2025 New arrival Summer Versatile Thick-Soled Shoes Athleisure Work Clothing Small Black Shoes,$8.87,https://img.alicdn.com/imgextra/i1/2211630690326/O1CN01yzCwgV1EHMAo29zlW_!!4611686018427383830-0-item_pic.jpg
Pull Back Shoes Men's Spring 2025 New arrival Easiest for match Best Selling Matcha Green Couple Sneakers High-Bottom White Shoes Trendy,$15.04,https://img.alicdn.com/imgextra/i4/2217791260100/O1CN01mzQwmF1CbqYty7fJR_!!2217791260100.jpg
Hidden Heel German Training Shoes for Women 2025 New arrival Summer Red Thick-Soled Sneakers Breathable Mesh Soft-Soled Sports Shoes,$46.32,https://img.alicdn.com/imgextra/i1/1750833436/O1CN01VG6JsP1bFjw5Qcbb3_!!4611686018427386140-0-item_pic.jpg
Pull Back Men's Shoes 2025 New arrival Summer Breathable Men's Trendy Casual Shoes Ultra-Light Shock-Absorbing Running Shoes for Men,$13.38,https://img.alicdn.com/imgextra/i4/3416665759/O1CN011RQSm01sPfs9xw3zq_!!0-item_pic.jpg
Pull-Back Sneakers for Women 2025 New arrival Summer Women's Shoes Couple White Shoes Versatile Thick-Soled Dad Shoes for Women,$14.89,https://img.alicdn.com/imgextra/i3/2212345072005/O1CN01M8sGo71QgL2cOFq2W_!!2212345072005.jpg
Fgmm Invisible Height Increase 7cm Thick Sole Dissolvable Shoes for Men and Women Athleisure Red Washed Canvas Sneakers,$26.32,https://img.alicdn.com/imgextra/i3/1060320135/O1CN01VlSJiz1CrsWX4zVcw_!!1060320135.jpg
Yushihong Xing Erke Sneakers Yunlai Men's Shoes Summer New arrival Shoes Easiest for match Mesh Breathable Sports Shoes Casual Shoes,$35.94,https://img.alicdn.com/imgextra/i4/349740505/O1CN01LeFxWQ1FbL4uZsZCp_!!349740505.jpg
Semir Moral Training Shoes for Women 2025 Summer Breathable Mesh New arrival Women's Thick-Soled Shoes White Shoes Best Selling Women's Sneakers,$23.91,https://img.alicdn.com/imgextra/i2/397341302/O1CN01DiM4pe1LUMk106icE_!!397341302.jpg
Semir Women's Shoes German Training Shoes Women's 2025 Summer New White Shoes Easiest for Match Shoes Breathable Flat Bottom Casual Sneakers,$23.91,https://img.alicdn.com/imgextra/i4/397341302/O1CN010JaOtt1LUMk1Tsv12_!!397341302.jpg
Yangfan Hongxing Erke Sneakers Black and White Thick Sole Sports Shoes Summer Mesh Breathable Men's Shoes Easiest for match Casual Men's Shoes,$26.92,https://img.alicdn.com/imgextra/i2/349740505/O1CN01ArfMUf1FbL4o0TfhB_!!349740505.jpg
361 Women's Shoes Sports Shoes 2025 Shoes Casual Shoes White Shoes Sneakers Men's Shoes,$30.08,https://img.alicdn.com/imgextra/i4/363607599/O1CN01qjfRjn260OlWqItIt_!!4611686018427385391-0-item_pic.jpg
361 Women's Shoes Sports Shoes 2025 Shoes Casual Shoes White Shoes Sneakers Men's Shoes,$30.08,https://img.alicdn.com/imgextra/i3/363607599/O1CN019uv385260Ok5RPlX7_!!4611686018427385391-0-item_pic.jpg
Summer Men's Shoes New Arrival Breathable White Shoes Men's K-style Trendy Easiest for Match Sports Casual Borad Shoes Fashion Shoes,$4.93,https://img.alicdn.com/imgextra/i2/2181779871/O1CN01dMo5sJ2MmyVpRFNwQ_!!0-item_pic.jpg
Pull Back Old Beijing Cloth Shoes for Women New arrival Summer Middle-Aged and Elderly Ladieswear Shoes One-Leg Soft Sole Walking Shoes Plaid Shoes for Women,$14.14,https://img.alicdn.com/imgextra/i3/1973939253/O1CN01OxmCuk2IDvcrBo7Mb_!!0-item_pic.jpg
Universal Black Moral Training Shoes for Women 2025 Summer New arrival Retro Easiest for match Sports Flats Sneakers Casual Small Black Shoes,$8.87,https://img.alicdn.com/imgextra/i1/2211630690326/O1CN01ongEmi1EHM99v1gnv_!!4611686018427383830-0-item_pic.jpg
Semir Women's Shoes Board Shoes Women's 2025 Spring and Summer New Arrival Shoes Women's Thick Sole XINGX Sneaker Best Selling White Shoes,$26.92,https://img.alicdn.com/imgextra/i1/397341302/O1CN014Ci1jt1LUMk3dgxR0_!!397341302.jpg
Warrior Men's Shoes Mesh Sneaker Men Running Shoes Breathable Shoes Middle School Students Teenagers Soft Bottom Shock-Absorbing Running Shoes,$15.02,https://img.alicdn.com/imgextra/i1/2200674901717/O1CN01SY0J201OYR6PmCf99_!!2200674901717.jpg
Semir Women's Shoes Moral Training Shoes 2025 Summer New arrival Breathable Shoes Casual White Shoes Sports Flats Sneakers for Women,$23.91,https://img.alicdn.com/imgextra/i3/397341302/O1CN01n9o5hR1LUMk373mvb_!!397341302.jpg
Warrior Training Shoes for Women 2025 Summer New arrival Mesh Breathable Casual Sneakers Easiest for match Trendy White Shoes,$13.52,https://img.alicdn.com/imgextra/i3/2211718014704/O1CN01WqCKbF1kcU92W1XPq_!!4611686018427381488-0-item_pic.jpg
Feiyue/Feiyue Dexun Shoes Women's Shoes 2025 Summer Easiest for match Casual Breathable Mesh Shoes Men Best Selling Sneakers Women,$19.40,https://img.alicdn.com/imgextra/i2/2948591192/O1CN01BCbVS51KfyxBJ9QK5_!!0-item_pic.jpg
Universal Retro Women's Training Shoes 2025 New arrival Summer Breathable Thick Sole Easiest for match Best Selling Shoes Casual Niche Sneakers,$8.87,https://img.alicdn.com/imgextra/i2/2211630690326/O1CN01hBo19S1EHMB0teh7v_!!4611686018427383830-0-item_pic.jpg
Fairwhale Men's Shoes 2025 New Arrival Summer Breathable Shoes Men's Thick Sole Heightened Easy Wear Shoes Casual Board Shoes Men,$69.02,https://img.alicdn.com/imgextra/i1/2788410480/O1CN01nBbkZm1FPt9HKvtb6_!!4611686018427380848-0-item_pic.jpg
"Pull-Back Mesh Breathable Couple Sports Shoes 2025 Summer New arrival Height-Increasing Dad Shoes for Men and Women, Same Style White Shoes",$14.89,https://img.alicdn.com/imgextra/i2/2211771607532/O1CN01cgOUI925ViDMobtgh_!!2211771607532.jpg
